,agent_id,country,time,wait_count,image,class,desc_url
0,1,中国大陆,05月24日,493人想看,https://img3.doubanio.com/view/photo/s_ratio_poster/public/p2554775074.jpg,剧情 / 喜剧 / 犯罪,https://movie.douban.com/subject/27199913/
0,1,德国,05月16日,89061人想看,https://img3.doubanio.com/view/photo/s_ratio_poster/public/p2554525534.jpg,剧情 / 冒险 / 家庭,https://movie.douban.com/subject/25958717/
0,1,日本,05月17日,21164人想看,https://img3.doubanio.com/view/photo/s_ratio_poster/public/p2555927320.jpg,动画,https://movie.douban.com/subject/30158971/
0,1,中国大陆,05月17日,7019人想看,https://img3.doubanio.com/view/photo/s_ratio_poster/public/p2554962852.jpg,剧情 / 家庭,https://movie.douban.com/subject/26959074/
0,1,美国,05月17日,3831人想看,https://img1.doubanio.com/view/photo/s_ratio_poster/public/p2555859678.jpg,剧情 / 喜剧 / 家庭,https://movie.douban.com/subject/27074316/
0,1,中国大陆,05月18日,8279人想看,https://img3.doubanio.com/view/photo/s_ratio_poster/public/p2554892284.jpg,爱情 / 悬疑,https://movie.douban.com/subject/26715617/
0,1,中国大陆,05月20日,4354人想看,https://img3.doubanio.com/view/photo/s_ratio_poster/public/p2554872580.jpg,剧情 / 儿童 / 家庭,https://movie.douban.com/subject/30206431/
0,1,法国,05月23日,6399人想看,https://img3.doubanio.com/view/photo/s_ratio_poster/public/p2555646002.jpg,喜剧 / 爱情,https://movie.douban.com/subject/30170375/
0,1,日本,05月23日,4427人想看,https://img3.doubanio.com/view/photo/s_ratio_poster/public/p2555637936.jpg,剧情 / 喜剧 / 爱情,https://movie.douban.com/subject/27042544/
0,1,日本,05月24日,14725人想看,https://img3.doubanio.com/view/photo/s_ratio_poster/public/p2554795240.jpg,动画,https://movie.douban.com/subject/27607378/
0,1,美国,05月24日,13592人想看,https://img3.doubanio.com/view/photo/s_ratio_poster/public/p2553992741.jpg,爱情 / 奇幻 / 冒险,https://movie.douban.com/subject/26891256/
0,1,台湾,05月24日,7532人想看,https://img3.doubanio.com/view/photo/s_ratio_poster/public/p2554324453.jpg,纪录片 / 音乐,https://movie.douban.com/subject/30310435/
0,1,,,,,,,
0,1,,,,,,,
